,RegionName,CountyName,2022-10-31,2022-11-30,2022-12-31,2023-01-31,2023-02-28,2023-03-31,2023-04-30,2023-05-31,2023-06-30,2023-07-31,2023-08-31,2023-09-30
20,30044,Gwinnett County,354303.5449352123,352410.66128554597,350309.8391983504,348055.085946878,346127.676408019,344741.0553866873,344286.43692780536,344880.220346306,346543.7186984727,349095.4889339739,352078.387909475,354800.46823701874
51,30043,Gwinnett County,404067.0446013619,402069.59249962075,400031.82086569583,397862.248354204,396062.0929726654,394952.7856359181,394794.9349349939,395838.3402845881,397922.1355190086,400673.4120401801,403491.76995986066,405865.6590263091
89,30024,Gwinnett County,567041.9918380546,564178.9073927848,561478.4236677652,559107.9946774539,558156.6741182759,558393.7810304087,560113.5556192695,563077.9993047313,567802.7567883771,573332.9504753128,579194.0745332974,584772.0221771087
127,30349,Fulton County,282341.92322101374,281043.7507819513,279594.56477541657,278124.3656319256,277180.45187118714,276756.3295399703,276386.3897734072,275806.4338502458,275490.95836050424,275631.1455257803,276422.46700341365,276969.39422109554
154,30040,Forsyth County,551161.9859842086,548477.7078104931,546241.5687408018,543962.7041875484,542354.640966496,542463.4932408807,544704.0720451898,548900.6821568337,554422.2855636812,560485.5203196007,566774.5662969139,572476.1560638868
162,30041,Forsyth County,594044.3649146432,591477.5007411806,589735.819962249,588107.8548801435,587466.1145544038,588381.4293323649,590962.492389445,595366.4800225225,601285.9407748763,608025.6823441791,614812.3892323052,621001.6266028165
164,30052,Walton County,387932.95601440413,386268.07192106376,384241.86094067106,381485.5277506377,379062.64839596447,377330.32293685776,376522.73505794705,377066.97428505885,378716.5298573586,380999.6543850461,383225.2550958674,385101.8857863958
175,30047,Gwinnett County,383742.1885897268,382618.86792774306,381196.5982907841,379296.9045285052,377606.296982765,376566.7487250343,376303.2026745388,376962.82887205813,378519.8329892718,381078.8090997998,384230.7893223374,387478.2325644795
189,30127,Cobb County,362739.3198423574,361280.3954654191,359450.7100831578,357474.75516877556,356013.96249112114,355673.37651995034,355937.3624581031,357258.5806453939,359143.19700105465,361328.91411483503,362912.66122889775,363862.8018579812
233,30281,Henry County,302291.7474410564,301284.1294776565,300156.7528225083,299609.3788403327,299329.17219155707,299930.01944581396,300323.33777099336,301180.23807478166,302154.7628220794,303256.4799392727,304052.75565063144,304594.37575171725
275,30004,Fulton County,700502.1036260556,697898.886406694,696203.1003887454,694496.5908129556,694206.3906612409,695716.0637780362,699728.1188538754,705348.2916866412,712829.6093350261,720800.7415401563,728544.1117576862,735985.9463429853
278,30022,Fulton County,613994.3109521372,611325.4377838173,609699.621409039,608143.6436243932,608146.4991960916,609230.0775863507,612062.626362721,615603.8804376096,620746.3645777769,626526.8646147558,632747.6987590254,638592.7538856408
293,30318,Fulton County,396932.266890316,394770.2861909916,392912.5254451344,391507.4485685002,390641.5891371064,390379.0902130711,390466.98791918793,390880.58622499293,391614.3725924995,392167.85143767536,393256.36598469905,394924.3670154668
301,30058,Dekalb County,271753.86587438814,271022.12036604056,269940.89413476695,268285.9852789457,266933.90386198607,265726.37974772154,265248.7793513734,265062.6610810301,265182.40669128083,265709.422563699,266454.392974914,267093.8122456899
303,30096,Gwinnett County,391478.39724747144,390198.17005575687,388839.9006101524,387009.9100091378,385382.1572304703,384532.65487855626,384702.453754374,386284.92303454253,388957.4415842832,392472.4111864676,396133.4430953648,399416.78775282466
322,30135,Douglas County,325718.2108315434,324335.6012642744,322524.86658254947,320658.5882248763,319148.8348118299,318442.25199399,317850.45641806436,318548.2137391696,320171.1553734044,321938.60197259294,322935.79603915074,323287.7859431886
338,30188,Cherokee County,429938.2306257425,429248.857852035,428307.50465954485,426990.8880700152,425764.6358022706,425910.6692999523,426765.36423981,429142.8990199337,432402.66593355895,436111.27064661746,439475.01781407726,442034.8846721623
351,30062,Cobb County,495788.9413308205,494878.23972066096,495038.05706369545,495581.1966924848,496604.443133651,498525.0503592086,501208.0117072689,505006.7234219422,509548.4571859615,514287.8396196368,518130.1203603701,520795.9532096127
418,30331,Fulton County,302584.2856289668,300886.7724717509,298689.0795698461,296607.64338334295,294961.30623039237,294415.0398247488,294184.13798313594,294020.66494446655,293990.0032134538,294232.1014251895,295234.1359005638,296230.00850339094
423,30144,Cobb County,380287.2753008075,378842.57003497734,376999.7560342381,374979.8439844804,373389.13033588947,373054.27651698183,373780.7000417216,375781.73454560287,378568.1982017169,381288.4870037469,383336.2580230997,384283.6634287076
431,30101,Cobb County,423570.5128261509,422008.52513435186,420508.7191666982,419276.9646412949,418385.95386889466,418314.927653896,419076.21815508633,420766.2784685173,423206.54951602576,425495.0532230899,427343.69461720943,428418.3145095263
469,30083,Dekalb County,273133.90826150664,271730.65429165045,270032.92875598825,268002.34706300095,266218.61068725825,264910.6274938336,264617.448708413,264876.20079273666,265488.1586140986,266400.0156482335,267658.55466598767,268281.6517247569
497,30253,Henry County,331245.0295717577,330030.94378292037,328528.1434447172,327829.36813510605,327591.19126457063,328147.3703364306,328342.2242248413,329028.96230652265,329886.52928875637,330803.7902010214,331377.00507485104,331879.92194593395
503,30066,Cobb County,419594.88886753697,418236.1458015057,417246.2815953486,416333.0434582964,415684.0114149169,416016.3477351944,417195.27369165496,419887.2670902514,423248.4482535893,426740.4517135532,429503.71597983927,431541.5844022962
558,30518,Gwinnett County,447345.9944924917,445528.98116568336,443407.5992422709,440661.34596811933,438508.8933927424,437149.2015231577,437099.71730917785,438272.6861993512,440721.10854890547,443889.6254933288,447173.25720555073,450048.3157295156
592,30114,Cherokee County,436275.15991214383,435378.79193600966,434016.3690530953,432021.10495581495,430542.4913855614,430431.947759629,431802.7011207928,434290.339025568,437486.8922571584,440555.4584510442,443375.1102996448,445738.402127486
659,30075,Fulton County,634000.4953458277,631858.9631548062,630861.9742175291,630371.3458566982,631853.8098744215,634509.0907754286,639010.7290146751,644114.5088726626,650181.1844197115,655722.1201815315,660925.2635265716,665606.7352028502
813,30080,Cobb County,479579.1291683118,478307.691392232,477146.77361529385,475778.1636332062,475644.221592499,476896.9094220168,479128.5859179886,481506.0580767517,484062.14487540507,486374.2481356888,488568.9723519233,490780.6244561977
868,30519,Gwinnett County,460850.053420447,458200.8436288059,455204.7481324977,451800.9789470611,448826.4593010827,447137.73001412145,446787.0376299036,448045.6472211869,450501.5346598925,453709.6843170954,456761.6787796175,459396.1290570553
907,30019,Gwinnett County,452768.6105079526,450312.35460188263,447461.23754252866,444251.4507215812,441581.4735960662,439850.94359847927,439176.10518073454,439841.60732337553,441820.2527171477,444473.50218443153,447008.1873116316,449089.08897980227
942,30115,Cherokee County,493763.24234522507,493100.5364758543,492115.8148483576,490265.3675144265,489038.43546153774,489510.4123222419,491623.8291068949,494997.8612698924,498957.16518248775,502695.64952653134,505961.89691915247,509067.73129671393
953,30236,Clayton County,267546.56901793455,266320.88324333745,265499.2345149799,265418.9813137784,265974.95399952406,266991.82082498836,267730.97782828094,268495.8165405961,269403.57708458655,270356.79155264207,271522.7059498807,272254.25205260515
966,30252,Henry County,383233.8327057247,381778.0882257824,380505.6008166464,379990.8270138007,380088.56865951925,380859.9754379261,381181.22056680854,382112.4600902342,383245.908009211,384289.0105802804,384808.63868724136,384888.7039413866
987,30093,Gwinnett County,306465.7598683518,305470.6145917691,303840.58042072796,301482.3522882349,299163.285661195,297829.04607578507,297712.44755504216,298652.5705909373,300208.40673325426,302353.7616572133,305342.90085246274,308296.29000210366
1019,30064,Cobb County,463538.8631339888,462614.7067010226,461908.613352988,461419.3105825698,461235.3971170594,462399.8205816799,464755.1944943186,469181.89475074783,473996.8590176041,478346.6182538387,480940.2439292968,482526.00429025415
1025,30097,Gwinnett County,678683.3657913613,676120.7423301815,674150.6717176113,672057.4303950922,672080.9913530701,673350.7728684577,676107.2344998055,679888.5467648621,685824.2208536253,692346.041306763,698174.7712495046,703269.3129823668
1079,30039,Gwinnett County,350357.6455320025,348515.16737817344,346561.5880492332,344215.09440142615,342040.67510376335,340328.4571076443,339644.8526060382,340296.88814580714,342101.73295402626,344418.5355861897,346428.88520147,347599.8640433123
1117,30228,Henry County,312623.156554635,311595.74402043485,310948.15863359027,310918.8653657702,311469.1101596805,312772.1075278653,314094.8628775217,315647.79819987365,317313.8986679432,318653.79301712295,319571.85883646103,319816.6212919396
1143,30157,Paulding County,331825.4605082721,329743.59436552756,327256.410662146,324620.6125398599,322939.0147108251,322128.6630219444,322055.2819319941,321908.35411610844,322237.5583142358,322812.7479028863,323587.008038447,324291.45978252025
1169,30032,Dekalb County,277692.4969780598,276013.2397762655,274001.41759991035,271216.40076743957,269203.33985215443,267899.7487899685,267974.7061228671,268058.2618185016,267862.9284270902,267471.4943245514,267299.76910692407,267085.78024048783
1236,30132,Paulding County,383136.3607062424,381131.709275747,378755.7771332551,376306.6811338768,374749.02705382806,374123.6551206662,373978.9329828869,374000.02433425497,374474.957742827,375041.42615577625,375444.6334563186,375668.37945165345
1301,30067,Cobb County,499021.1879790827,497989.7368828678,497470.3237167293,497179.9628348835,497286.19799280376,498746.94381865446,500500.732602582,503100.18622021074,506095.6917549515,509893.9655242168,513345.7052683157,516146.88001525187
1346,30152,Cobb County,459438.1832183643,458102.1897162677,456352.71391959867,454445.9075266346,453002.5767947097,452908.3115718272,454126.45444237225,457254.7915806461,461375.0401304417,464834.32390725875,466813.9088737949,467393.9203506902
1400,30034,Dekalb County,271417.64247090503,269979.84705614875,267620.4501282293,264396.10568603163,261566.97289258716,259420.67195626473,258640.00975996244,258617.63665349697,259161.77621515997,259894.3839766263,260963.1159555676,261725.62893243716
1401,30076,Fulton County,537254.3579779941,536195.1451785722,535425.6546984366,534441.3965617447,534558.1047826048,535790.564995027,537621.3374710834,539592.8604941649,542501.3137607182,546202.3565308438,550652.0549671565,555051.5377326574
1448,30213,Fulton County,341409.5382983741,338898.17544868006,336354.9518122889,334141.52616270276,332911.7035234363,332503.5897026187,332385.6025718333,332330.8979097426,332748.5467949886,333577.2951234101,334566.84499169426,335182.55231257965
1460,30319,Dekalb County,755953.0973649453,753480.6345865646,752698.4399888646,750154.3341491558,747613.7449224499,746567.308659479,749051.4584557136,753980.1873280605,759492.2339732079,764562.789410835,768587.3335903808,772471.6961258616
1479,30045,Gwinnett County,395642.1873691593,393399.8068001904,390986.16166134697,388236.81035392074,385629.5578725979,383484.88526099594,382466.39751341305,382963.83879193413,384920.5319856966,387455.11167147936,389874.34379729215,391514.0795111011
1513,30134,Douglas County,294884.36161898175,293736.39772647154,292424.7189518221,291036.3065426035,290006.9443042558,289632.67924817366,289627.56165738084,290309.05863717245,291478.1087056682,292480.714508624,293065.5359617159,293158.83070195373
1622,30126,Cobb County,375353.67228433193,374265.2991004729,372838.1275501603,371503.27463053167,370932.4329298525,371563.7873245692,372685.96197168826,374427.0428497737,376155.7702852674,377658.0735616539,378637.1132163061,379226.46425548947
1650,30189,Cherokee County,421642.99452300865,420721.2335569644,419734.52332465095,418475.36150117056,417334.13922009786,417624.9770105363,418940.51382704993,421704.9407184799,425137.7164836079,428806.01479724137,432079.2582833778,434753.09473971114
1670,30046,Gwinnett County,340509.9191681984,338826.38220357324,336958.28667331394,334785.725793237,332884.0321804569,331278.7535930253,330705.41344844503,331233.7536276788,332940.2707247685,335465.4919637135,338276.32796546427,340791.56476292555
1749,30038,Dekalb County,286581.4546428963,285300.704510387,283297.2538553025,280840.49923649715,278710.3469183592,277095.0941398607,276444.0774775885,276079.4521873672,276074.7975042846,276353.5755199573,276838.20776866516,277296.19351620384
1783,30060,Cobb County,327495.57277757564,326241.22829292435,324563.67020450794,323177.2241421319,322597.5364916672,323289.00254715193,324361.01333293924,326044.0146947518,328084.9293223732,330454.7426336393,332235.54349427944,333332.4781936086
1809,30102,Cherokee County,370281.4189271843,369274.2856357232,367883.96886983496,366366.182914746,364903.6167488203,364817.299686001,365871.5049836174,368421.5709335685,371514.4796293928,374420.98162369087,376778.75803384936,378608.36224274227
1825,30294,Henry County,298986.87847840926,297330.8788582574,295825.85752684216,294639.9276207099,293887.9046480176,293792.7755387134,293741.335303356,294305.7569009,295141.6257621786,296487.1382824812,297639.8393328173,298461.2225138552
1855,30238,Clayton County,246021.9150045071,244201.4627601285,242534.14257398737,241665.00258470324,241866.65643368883,242810.02573730543,243740.77820556704,244323.2109143155,245157.3862256621,245834.56069790677,246619.31145208227,246772.79060029637
1936,30005,Fulton County,690822.9981985234,688274.1091684484,686526.3608226053,684526.9038559715,684514.4747060927,685863.5461934388,689231.0943796732,693628.4907848712,700176.8208981609,708114.1308337726,715760.1037025428,722661.7362711121
1939,30084,Dekalb County,383235.5424790941,382131.38401231513,380873.3361878596,378720.78780548106,377136.44698141795,376355.0136925944,376734.7637272769,377662.40328378853,378931.6129455359,380835.64543401875,383435.1579878487,386200.23555443966
1941,30078,Gwinnett County,369875.4062405584,368176.5624142336,366346.92007426446,364134.22571671434,362174.42671903846,360624.55483466486,359927.1166751398,360369.4871689395,361820.5009392139,363857.6143894803,365869.6369366234,367380.998685832
2078,30215,Fayette County,428775.9720415254,428215.9535880305,427987.06866063207,428182.99636115256,428226.3199588202,430552.66783289943,433738.9494313928,438169.85832703736,440323.3618594287,441677.9739802911,442521.1387690422,443676.6930434636
2158,30328,Fulton County,681866.8508776542,679913.3050661361,678852.0536328355,677055.538636583,676030.6072657197,676283.6635236939,678857.7964245791,683159.6679630385,688653.6124373634,694134.8437505782,698744.4149569153,702696.9552269218
2252,30350,Fulton County,721903.9617045381,720238.352819343,718901.9601702593,717146.2093377606,717611.6901302538,719957.6911823372,724546.7598925711,729973.3967852228,736986.8481716681,743827.8681640564,749810.9500226062,754516.345558782
2259,30338,Dekalb County,663142.0884888469,661104.4850154556,660081.1208545462,658425.1595864535,658144.0767048565,658919.7739436346,661921.8591483919,666087.9357594462,671077.5079631294,675602.2261114005,679406.6187174898,682617.9714454532
2286,30087,Dekalb County,360043.64796736377,358173.7926374608,356054.63087915414,353468.97190015874,351383.4134238835,349819.40089010965,349229.55668973346,349601.3189025715,350837.74544490787,352694.58124983934,354476.2851005979,355868.83815440146
2349,30269,Fayette County,499353.4583728607,498876.6421564335,499412.07420638646,500280.4270935432,501067.6784749781,503928.254308288,508347.186901324,513832.8289815574,517727.47936339193,521245.11729707685,524803.6217610986,528598.057706039
2436,30274,Clayton County,213791.78066707705,212919.51606722208,211839.25312347247,211095.92607644852,211213.35440169089,211810.63977699945,212548.50526149536,213059.2702020117,213804.77789693425,214871.31245890772,216462.2890205336,218031.32905493304
2496,30315,Fulton County,266734.0785211919,265162.59560642805,264204.8226498086,263500.0299659464,262721.976555815,261869.7169232031,260470.79028678895,259158.7162912651,257626.1119315457,256055.9532754,255043.85153347356,254634.94947958516
2576,30344,Fulton County,256777.889324204,256326.9379704279,255782.9309304686,255683.69586015065,255949.4707797088,256521.85530171613,256695.3872690988,256018.80908465377,254627.3139025451,253291.7295068449,253659.4022135718,255174.2912312328
2712,30008,Cobb County,330715.4700249436,329475.0417169495,327945.3251044185,326676.85264810856,325708.8247808842,325714.8492534959,326251.77652036893,327800.21035318216,330070.6947258413,332591.89488749194,334609.6330223245,335714.8157101982
2779,30316,Dekalb County,415560.3609501822,413230.524868432,411332.73801663873,409260.91636136174,408051.23477976257,407976.8705060864,408768.3292790072,409553.3544390053,409905.6196053289,410415.0933097809,411211.1354276401,412253.7719588909
2813,30092,Gwinnett County,537774.665444953,537993.9281572466,538032.2633974763,537816.7340289773,538216.1425105502,539456.6517193614,541188.7129718749,543874.0638237521,547824.2978822624,552255.6081186289,556738.5270805281,560587.1362991623
2856,30094,Rockdale County,324242.08795027435,322889.9343983056,321483.15481652674,320198.9493753859,319406.1286937773,319134.9651277606,318739.2177836844,318612.946213495,319070.9064147212,320178.07851423643,321490.24372664205,322391.5009261656
2908,30260,Clayton County,225567.79919269972,224493.23750478853,223412.5735306612,222866.31983516357,223216.12540926007,224454.4474003671,225356.1930396843,225802.84801641863,225977.04711440057,226624.84976813704,227865.8121176536,228995.485464414
3000,30068,Cobb County,616104.3763417535,614725.9868974214,614730.6722362167,615257.1491057526,616255.8309565912,618430.726973312,622119.5340632224,627432.3047117292,633678.2398398899,638941.4022223033,642409.3565587001,644272.6968029045
3163,30342,Fulton County,903493.9825678702,898986.3577040309,895602.8703596223,889997.453494436,886534.7407951495,885952.362863773,890280.6568822869,896181.4580583012,903656.7988577835,910388.4766058006,915983.4275717648,921261.1802158016
3177,30012,Rockdale County,268866.4706823453,267907.93364003,266568.09258261375,265412.02571792126,264925.15065812,265116.2430255011,265238.8395534789,265176.2014604274,265417.2468823954,265986.2383785443,266870.3215662953,267564.41319872433
3275,30311,Fulton County,277497.9962060997,275424.6996629895,273130.58744358143,271290.5867860732,269795.2241929844,269919.41403283225,270416.9273978961,271107.87465088133,270804.30028728186,269896.68079435185,269678.351871519,269859.3521966539
3280,30248,Henry County,335255.5682705297,334221.2762551929,333017.4170296604,332150.39014269336,331673.11269390996,331540.8471447358,331130.85979983845,331015.0809051283,331559.9477543814,332311.6271348461,332964.7591821072,333254.12940968317
3322,30341,Dekalb County,502416.98810985096,501498.9146599127,501208.55036317586,500558.1402260922,500001.738489118,500407.7009881507,502131.35453478346,505284.9460263238,508505.7331160963,512104.5121896562,515904.74481126433,519775.2696634208
3386,30028,Forsyth County,507457.7549805283,504608.6066615625,501869.1528172209,498458.0415422194,495478.99934438855,494272.39234564174,494889.19737194735,497368.9299997948,500907.0592126364,505225.51980260055,509655.6127889223,513748.9578677621
3431,30339,Cobb County,563743.4364679676,562677.834666867,562000.6808081045,560389.3551375297,559088.6858693386,559020.983252785,560287.5275034079,562432.2081723128,565018.0406340114,567867.8722434691,570376.4702030756,572826.4244047311
3458,30033,Dekalb County,481028.438583687,479937.69679669215,479490.011933766,477947.3862043528,476920.3462260193,477390.9539284078,479948.03319497575,483850.6415168173,487965.2288174019,492294.3950193094,496781.3946613961,501195.22708822374
3473,30324,Fulton County,663924.1557296118,661509.6003918275,660355.1667125797,657558.1420666681,656055.7839510278,656222.3461569751,659619.4265318097,663543.500661955,667518.2897838453,670649.8874382268,673971.7082344176,678181.8313805297
3541,30030,Dekalb County,660203.9639940133,656316.8759973259,652796.2399439593,647339.4587911096,642824.172329651,642003.4460104596,645734.7247040803,651640.5533778368,657564.8612210881,662744.7364882632,667964.130403433,672308.0139305502
3668,30340,Dekalb County,372320.0555763915,370824.9442666203,369192.2819483885,367314.89987687446,366288.13125442,366472.70802586986,367954.37306819943,370238.4856025474,372603.28128919,374894.6643918802,376681.9307171499,378311.6862483281
3733,30214,Fayette County,376345.20558413304,375396.0055385204,374532.5402647157,374175.7677599999,373658.3654840702,375486.6206579664,377924.2309828745,381036.02065710747,381815.5778673857,381873.213694856,381843.22155284154,382151.6437941725
3745,30122,Douglas County,276188.8799740519,275163.44908233103,273797.48872008827,272457.9939984158,271549.6884532413,271574.93945894623,272152.2772876602,273809.6479978415,275895.7202469254,277916.6063435942,279406.20883073675,280317.5279651249
3808,30088,Dekalb County,261290.50358979215,259428.37994383532,257232.76631766523,254335.0117286168,251808.5557153343,249689.24746685065,249038.29134700063,249117.5941059146,249703.29814347284,250648.8976444869,251921.99844454075,252543.60614781812
4039,30310,Fulton County,304811.2748223958,303065.688481003,301799.64012837666,301577.63418106094,301842.00509793306,302326.3306090704,301745.01038199494,300610.4160369698,299010.26083823555,296864.47015279904,294716.1665556243,293350.7285881945
4148,30071,Gwinnett County,343054.9828894935,342399.03630768746,341310.3064100566,339867.6883269753,338763.5005418483,338469.84046632814,339032.589811766,340288.9336643984,342144.2800155335,344489.05980256124,347355.8367251057,350230.3549298402
4237,30329,Dekalb County,543409.7804592747,542177.5170448847,541206.6389601679,539027.7392636932,537355.6153701892,537472.6991942069,539414.3060140851,542874.999910883,546591.536989932,550478.7151042726,554502.9911007661,558558.0685456292
4393,30296,Clayton County,248533.7337603164,246359.88818988172,244608.52772372236,243483.33207379465,243704.2597347571,244777.93512786095,245763.20689376863,246208.20771776268,246663.3367943115,247446.1291766033,249019.59113740415,250153.3557640616
4424,30141,Paulding County,326934.7518922196,325081.3806921126,323307.5371765379,321437.64739753143,320257.20443578943,319621.4752283747,319471.8963197341,319359.77426727914,319516.3213548578,319820.27698681806,320360.27900594746,320721.126494795
4499,30306,Fulton County,970724.7331719128,966097.7777643022,963537.179996322,958991.9627599266,956743.2946109324,957916.4427167246,964263.0575481728,971445.8670283514,978487.8213872736,986126.001051005,993920.296043508,1003548.3913876564
4508,30021,Dekalb County,299112.8260302079,297329.29180832714,295275.9114827514,293008.3283276087,291224.97780621465,290431.7106473728,291421.9924759099,293632.9965788649,296044.4429263005,298185.2183901475,300091.77018016827,301581.7208896082
4512,30082,Cobb County,446176.00096046366,444895.7307725932,443221.8572040643,441480.0293908792,440600.28316847305,441288.9825515286,443188.99177799775,445894.5478636392,448827.6294995509,451449.6999428611,453464.6683694104,455291.6372786903
4515,30017,Gwinnett County,433711.2270381772,431988.32801429246,429881.9662569938,427628.32454994106,425534.85144433216,424143.3503542503,423379.8214507333,424098.16212580143,425956.6447148772,428509.47946744855,430635.1340749728,432128.4554845928
4552,30309,Fulton County,899086.0454366776,894176.4813453159,891696.5423561156,887867.6490556682,885071.1878434949,885075.0113026028,889335.2771262616,894895.3494632324,900061.797182317,905119.1109269058,910108.1578093,916293.3241218976
4561,30305,Fulton County,1066018.903981473,1062259.4674667488,1061414.1660452497,1058294.857615837,1057347.9992682454,1059643.9877126117,1067101.3186757448,1074741.3020892676,1083331.6801961109,1090914.431799716,1097634.5242841456,1104708.9543279847
4668,30297,Clayton County,175130.87005468845,173722.49117886517,172549.34856293612,171888.16762822017,172075.29911519904,172810.3453711738,173675.34230563245,174058.61834438177,174537.36219674128,175625.69400702533,177457.37944179118,179329.74350464903
4735,30013,Rockdale County,326801.84563995735,325318.5842214152,323658.11682189634,322305.0189501962,321630.69960107387,321700.16033350624,321685.791405153,321928.25133727683,322729.3608509922,323720.8033393552,324594.1100142699,324808.1901373593
4749,30345,Dekalb County,577930.7743028249,575379.9655530303,574038.7149677755,572265.81580673,571060.8340231593,571270.9105596951,573841.7154853753,578198.0755590176,582854.3242776613,587367.520635771,592357.7342719681,597226.5595694925
4896,30168,Cobb County,283349.73169110157,282975.2561906677,282193.25707909174,281370.5716516099,280900.9638146107,281258.8098690433,282206.3326395992,283575.0851111721,285271.46852995997,286882.2951552277,288359.87664076255,289220.6018235401
5009,30106,Cobb County,304711.3848985849,303619.8918318054,302384.85784876626,301162.896970728,300393.7170701467,300315.6206677284,300835.46427252394,302190.56428535434,304127.60226231144,306199.082007866,307910.6227751645,308823.7685586147
5078,30655,Walton County,330236.437127634,328942.10748056957,327850.04360562057,326645.32372588577,326180.890165091,326483.22878296766,327573.14162758,329084.6632080853,330986.6888276178,332849.6231159454,334791.3661080284,336789.367908011
5131,30312,Fulton County,566108.0433762544,562887.9089627875,560360.2068343663,557580.8931664325,556182.5213768437,556178.4482419048,556684.9933929335,556946.5919260046,557275.972395846,557933.155394277,559052.304109646,560479.6068506276
5216,30291,Fulton County,267783.06201199535,267109.09673207655,266134.1983389515,264937.45145743736,264069.558769552,263737.1903932316,263642.1108227147,263051.2224893219,262538.36078009463,262180.51647382154,262731.95407003997,263019.1177764421
5231,30035,Dekalb County,256080.4244388432,254751.4733872524,252225.1269907391,249468.6913193028,247169.28201415148,245816.49242893912,245471.92980045933,245571.4481991456,245850.124022814,246458.82842287523,247298.7529475042,247935.49933811257
5314,30327,Fulton County,1492436.855042725,1484631.9523570444,1480646.7591693134,1475404.4484563295,1469799.117078598,1468422.926046148,1475720.351710216,1488198.2811765291,1505167.177231647,1519189.1582348282,1527954.9768304694,1532117.7444675758
5396,30314,Fulton County,259452.38018179892,257541.1464394499,254916.3623351654,252438.98389266408,249508.7327911296,247794.6072763403,246483.579452798,246572.5448442041,246547.60800420408,246093.38740256103,245533.62407746995,245623.58299235665
5556,30308,Fulton County,689771.7413360538,685846.925498794,684208.8167087935,682034.7147760921,679359.0232400914,676537.5996983717,674721.7316619413,674996.3153970641,675802.8121057906,677972.2354787495,680092.5006572007,682720.5608221666
5622,30307,Dekalb County,734537.1145059806,731178.0944922395,729508.2251408045,726962.3308024942,725526.5358125371,726508.9155688825,729251.7308595172,733550.9437532867,737638.6090888302,743303.0898844991,750085.8280789318,758322.3757992648
5974,30009,Fulton County,671640.5883507201,669952.0515498312,669260.7670946977,668707.3075444266,669134.6662589555,670075.1188451418,672063.6153614967,675442.0278414661,681309.6143310858,688733.6724369497,696066.2371534532,703336.9939303491
6324,30656,Walton County,358843.8826846829,357355.77764171496,355639.49345463497,353766.07842886593,352738.1899587287,353076.40552632464,354501.2472962329,356515.0021921525,358525.8367355492,360072.6011984089,361530.1823491806,363117.0374475295
6820,30107,Cherokee County,416571.5941195651,415025.77252803184,413417.93399975885,411850.8982971802,410947.6282323212,412083.4480354202,414538.9474160402,418043.3542473198,421615.6279230443,425334.4293451258,429117.9430023509,432741.96703843056
7217,30360,Dekalb County,473854.3081529942,473063.38094355026,472447.20438851207,471032.0461405413,469762.1819210276,469628.32985689794,470994.6571899929,473430.6369411777,476155.4177122312,479568.4207092966,483929.24402689823,488469.8012461875
7398,30273,Clayton County,249823.05685684268,248049.7715403567,246516.0148257553,245684.972633486,245995.46659917044,247274.33581106344,248206.171113356,248671.47361019175,249262.72309914013,250300.6550999699,251658.8546056809,252478.74725060663
7523,30354,Fulton County,244450.85593355505,242670.37533699183,240802.76911564585,239212.88424381585,237836.79647780917,237304.12966634068,236788.2238949398,236291.88738587324,235210.38287403827,233997.39520629903,233468.36622875129,233651.58799486377
7942,30317,Dekalb County,538815.3378657597,535848.4784254018,533779.7701175967,532013.6070712848,531678.5661502318,533893.3110869,536830.9671415108,539632.0541949827,541384.4973690097,543843.4487503408,547076.2042072183,550945.5501514856
8466,30337,Fulton County,322027.2905161136,319603.01862595935,316692.1839537658,313670.023141627,311689.8955829994,311107.9085425788,310920.050992229,310753.07172486384,310331.3822400717,310145.84485421557,310650.2233772949,312018.62948568584
8831,30288,Dekalb County,222055.20961919555,220905.965844444,219452.3849864608,217790.1479446746,216995.22588421623,216929.73443365344,217528.9102528429,217902.39405915476,218327.03387962157,218821.8058292563,219728.6637204031,220453.72194829248
9088,30268,Fulton County,328362.0856404643,327163.3561173891,325635.68092165794,323881.9837218796,322902.15029006713,323365.69825939107,324366.77802793385,325628.87415799807,326800.3973798232,327987.9502831292,329105.5139040275,330031.508505473
9259,30025,Walton County,337448.80593638634,337068.17861124605,336392.10180309525,335598.5030598328,335541.5568152937,336506.76347270544,337948.20895630075,339896.3060530065,341686.92893129535,343160.19986736774,344366.4072213122,345827.62661638187
9349,30290,Fayette County,477556.56196025974,476559.63214298704,475766.1348459507,475114.2028428239,474606.9344484422,478269.5885792107,483892.1217435592,491603.8297644711,495073.5966582514,496993.5649984103,497258.08522841096,498401.3586052535
9578,30313,Fulton County,515266.8481677235,513037.92903450114,511061.7574022132,509285.3053003508,508047.17665302055,506765.25475777703,504904.74792903784,503687.7685735005,503488.40987215727,504352.7929912673,506234.8924253985,507717.3155914967
10136,30187,Douglas County,336990.86531973426,335443.059801839,333546.4625767157,331745.1709678471,330446.00738533004,330429.19352282066,331184.10106871906,333480.4463584086,336160.0545245691,338578.42772441707,340509.15299033094,342168.202842799
10413,30326,Fulton County,629947.6352073079,628374.7027217027,626677.7857209324,622937.8067246926,618811.0259112306,616319.4656116986,616139.7864429656,617541.1787493256,619242.858617359,620878.3864134061,623340.8656273825,627393.5213524828
11707,30183,Cherokee County,418292.7533074788,418095.79682823224,417692.06345237064,417026.04080745834,416901.5388910994,418629.6439978248,421002.87052642944,424237.29325472965,427270.62441445934,430783.4557153206,434841.5125453119,439348.0161341044
12428,30002,Dekalb County,549410.2510861756,548344.5028643043,548453.3574937595,547244.8259806159,546731.7598542034,546986.7678687462,549538.2785176267,554324.9617185364,560335.0379180029,566073.5510936683,570542.5329122583,573815.2587361434
13325,30346,Dekalb County,,,,,,,,,636276.8842998991,637521.6437614667,637865.9005615027,638070.0689281208
13476,30336,Fulton County,294919.3186783651,297694.22366611095,299611.26592346776,300544.55364163284,301081.11059281055,301399.5773272047,300676.62748230825,298319.1440364863,296627.7914678042,295271.9118036095,295373.2046851972,294841.70012927335
14282,30205,Fayette County,510816.8441621,509229.4172006836,508843.59610199207,510151.9753258082,511334.9691501044,515099.6786771154,520053.4142811407,524573.0325873286,526684.9204133895,527374.3014668366,530142.1895836924,534003.9605165707
14318,30079,Dekalb County,306423.6829923806,306804.35463253607,306396.580381054,305547.04486232856,304263.7518387578,303516.64926184557,303301.509887953,303732.7504765139,304991.91869189,306315.8994813599,307380.1297849208,308355.6501529506
18005,30641,Walton County,408155.6893042458,406523.9319436219,405425.77736215293,404653.42683789687,404919.1357859724,406438.60914619145,408533.9721786348,410406.97036264074,411843.113208492,413287.9734291613,416013.5718342585,419639.58329980326
18798,30363,Fulton County,464659.69362372655,464329.8829841462,463948.9175087788,462123.57238153066,459126.7043893021,456532.92401033855,455483.2790390014,456125.4782980067,457620.03918685904,458639.4404227927,460888.8469854723,463507.55744968186
21691,30072,Dekalb County,299451.4103752557,297964.11221359216,297004.1185885945,295854.57720439206,294785.2211674967,293954.5608756086,294200.44412240316,294827.5547328366,295128.35211904906,295395.92661385535,295874.382030723,296374.7323152141
